image_id,class_name,class_id,split,file_name,source_url,annotation_source
e6d7ac64f2ae95f2,dog,0,train,dog_e6d7ac64f2ae95f2.jpg,https://open-images-dataset.s3.amazonaws.com/validation/e6d7ac64f2ae95f2.jpg,https://storage.googleapis.com/openimages/v5/validation-annotations-bbox.csv
84fbcc1b71a580d5,dog,0,train,dog_84fbcc1b71a580d5.jpg,https://open-images-dataset.s3.amazonaws.com/validation/84fbcc1b71a580d5.jpg,https://storage.googleapis.com/openimages/v5/validation-annotations-bbox.csv
94fff6bdd55d9279,dog,0,train,dog_94fff6bdd55d9279.jpg,https://open-images-dataset.s3.amazonaws.com/validation/94fff6bdd55d9279.jpg,https://storage.googleapis.com/openimages/v5/validation-annotations-bbox.csv
59cb532b71252ece,dog,0,train,dog_59cb532b71252ece.jpg,https://open-images-dataset.s3.amazonaws.com/validation/59cb532b71252ece.jpg,https://storage.googleapis.com/openimages/v5/validation-annotations-bbox.csv
da4e13456eb5d8a2,dog,0,train,dog_da4e13456eb5d8a2.jpg,https://open-images-dataset.s3.amazonaws.com/validation/da4e13456eb5d8a2.jpg,https://storage.googleapis.com/openimages/v5/validation-annotations-bbox.csv
4ae93226900be560,dog,0,train,dog_4ae93226900be560.jpg,https://open-images-dataset.s3.amazonaws.com/validation/4ae93226900be560.jpg,https://storage.googleapis.com/openimages/v5/validation-annotations-bbox.csv
33be5ab05ca413b8,dog,0,train,dog_33be5ab05ca413b8.jpg,https://open-images-dataset.s3.amazonaws.com/validation/33be5ab05ca413b8.jpg,https://storage.googleapis.com/openimages/v5/validation-annotations-bbox.csv
e8809e769eaee52f,dog,0,train,dog_e8809e769eaee52f.jpg,https://open-images-dataset.s3.amazonaws.com/validation/e8809e769eaee52f.jpg,https://storage.googleapis.com/openimages/v5/validation-annotations-bbox.csv
5a29bb6dc2276b2d,dog,0,train,dog_5a29bb6dc2276b2d.jpg,https://open-images-dataset.s3.amazonaws.com/validation/5a29bb6dc2276b2d.jpg,https://storage.googleapis.com/openimages/v5/validation-annotations-bbox.csv
d0ab8d43122ac2c8,dog,0,train,dog_d0ab8d43122ac2c8.jpg,https://open-images-dataset.s3.amazonaws.com/validation/d0ab8d43122ac2c8.jpg,https://storage.googleapis.com/openimages/v5/validation-annotations-bbox.csv
5ed879386c7faeaa,dog,0,train,dog_5ed879386c7faeaa.jpg,https://open-images-dataset.s3.amazonaws.com/validation/5ed879386c7faeaa.jpg,https://storage.googleapis.com/openimages/v5/validation-annotations-bbox.csv
f121d0ac5d09be53,dog,0,train,dog_f121d0ac5d09be53.jpg,https://open-images-dataset.s3.amazonaws.com/validation/f121d0ac5d09be53.jpg,https://storage.googleapis.com/openimages/v5/validation-annotations-bbox.csv
8d7824439e1a8a84,dog,0,train,dog_8d7824439e1a8a84.jpg,https://open-images-dataset.s3.amazonaws.com/validation/8d7824439e1a8a84.jpg,https://storage.googleapis.com/openimages/v5/validation-annotations-bbox.csv
3d782576a4e22fd0,dog,0,train,dog_3d782576a4e22fd0.jpg,https://open-images-dataset.s3.amazonaws.com/validation/3d782576a4e22fd0.jpg,https://storage.googleapis.com/openimages/v5/validation-annotations-bbox.csv
b2c21644e36b9b5a,dog,0,train,dog_b2c21644e36b9b5a.jpg,https://open-images-dataset.s3.amazonaws.com/validation/b2c21644e36b9b5a.jpg,https://storage.googleapis.com/openimages/v5/validation-annotations-bbox.csv
72fed47b7ffcf2c7,dog,0,train,dog_72fed47b7ffcf2c7.jpg,https://open-images-dataset.s3.amazonaws.com/validation/72fed47b7ffcf2c7.jpg,https://storage.googleapis.com/openimages/v5/validation-annotations-bbox.csv
8f37ecc6110767dc,dog,0,train,dog_8f37ecc6110767dc.jpg,https://open-images-dataset.s3.amazonaws.com/validation/8f37ecc6110767dc.jpg,https://storage.googleapis.com/openimages/v5/validation-annotations-bbox.csv
9f66947fe3705a67,dog,0,train,dog_9f66947fe3705a67.jpg,https://open-images-dataset.s3.amazonaws.com/validation/9f66947fe3705a67.jpg,https://storage.googleapis.com/openimages/v5/validation-annotations-bbox.csv
d04895d85d818248,dog,0,train,dog_d04895d85d818248.jpg,https://open-images-dataset.s3.amazonaws.com/validation/d04895d85d818248.jpg,https://storage.googleapis.com/openimages/v5/validation-annotations-bbox.csv
e4941d97dac6276f,dog,0,train,dog_e4941d97dac6276f.jpg,https://open-images-dataset.s3.amazonaws.com/validation/e4941d97dac6276f.jpg,https://storage.googleapis.com/openimages/v5/validation-annotations-bbox.csv
7dde7e31b8b71bfd,dog,0,train,dog_7dde7e31b8b71bfd.jpg,https://open-images-dataset.s3.amazonaws.com/validation/7dde7e31b8b71bfd.jpg,https://storage.googleapis.com/openimages/v5/validation-annotations-bbox.csv
8bd21074c0281844,dog,0,train,dog_8bd21074c0281844.jpg,https://open-images-dataset.s3.amazonaws.com/validation/8bd21074c0281844.jpg,https://storage.googleapis.com/openimages/v5/validation-annotations-bbox.csv
80f3c607859a41f0,dog,0,train,dog_80f3c607859a41f0.jpg,https://open-images-dataset.s3.amazonaws.com/validation/80f3c607859a41f0.jpg,https://storage.googleapis.com/openimages/v5/validation-annotations-bbox.csv
474d3e195dade8ad,dog,0,train,dog_474d3e195dade8ad.jpg,https://open-images-dataset.s3.amazonaws.com/validation/474d3e195dade8ad.jpg,https://storage.googleapis.com/openimages/v5/validation-annotations-bbox.csv
5fd11be190a581cf,dog,0,train,dog_5fd11be190a581cf.jpg,https://open-images-dataset.s3.amazonaws.com/validation/5fd11be190a581cf.jpg,https://storage.googleapis.com/openimages/v5/validation-annotations-bbox.csv
cee8ac4859ed4837,dog,0,train,dog_cee8ac4859ed4837.jpg,https://open-images-dataset.s3.amazonaws.com/validation/cee8ac4859ed4837.jpg,https://storage.googleapis.com/openimages/v5/validation-annotations-bbox.csv
c49a9b44be526d64,dog,0,train,dog_c49a9b44be526d64.jpg,https://open-images-dataset.s3.amazonaws.com/validation/c49a9b44be526d64.jpg,https://storage.googleapis.com/openimages/v5/validation-annotations-bbox.csv
b8f75a7e8e6def6c,dog,0,train,dog_b8f75a7e8e6def6c.jpg,https://open-images-dataset.s3.amazonaws.com/validation/b8f75a7e8e6def6c.jpg,https://storage.googleapis.com/openimages/v5/validation-annotations-bbox.csv
ea935980b15c70b0,dog,0,train,dog_ea935980b15c70b0.jpg,https://open-images-dataset.s3.amazonaws.com/validation/ea935980b15c70b0.jpg,https://storage.googleapis.com/openimages/v5/validation-annotations-bbox.csv
015da7bf2a2f1c14,dog,0,train,dog_015da7bf2a2f1c14.jpg,https://open-images-dataset.s3.amazonaws.com/validation/015da7bf2a2f1c14.jpg,https://storage.googleapis.com/openimages/v5/validation-annotations-bbox.csv
49ab4dc431d94451,dog,0,train,dog_49ab4dc431d94451.jpg,https://open-images-dataset.s3.amazonaws.com/validation/49ab4dc431d94451.jpg,https://storage.googleapis.com/openimages/v5/validation-annotations-bbox.csv
09f85d04c5ee7293,dog,0,train,dog_09f85d04c5ee7293.jpg,https://open-images-dataset.s3.amazonaws.com/validation/09f85d04c5ee7293.jpg,https://storage.googleapis.com/openimages/v5/validation-annotations-bbox.csv
eb8739d15409896d,dog,0,val,dog_eb8739d15409896d.jpg,https://open-images-dataset.s3.amazonaws.com/validation/eb8739d15409896d.jpg,https://storage.googleapis.com/openimages/v5/validation-annotations-bbox.csv
b7afe7f61926fd50,dog,0,val,dog_b7afe7f61926fd50.jpg,https://open-images-dataset.s3.amazonaws.com/validation/b7afe7f61926fd50.jpg,https://storage.googleapis.com/openimages/v5/validation-annotations-bbox.csv
4c7e78d48a97f2c5,dog,0,val,dog_4c7e78d48a97f2c5.jpg,https://open-images-dataset.s3.amazonaws.com/validation/4c7e78d48a97f2c5.jpg,https://storage.googleapis.com/openimages/v5/validation-annotations-bbox.csv
1ffe8b57a54ff0f3,dog,0,val,dog_1ffe8b57a54ff0f3.jpg,https://open-images-dataset.s3.amazonaws.com/validation/1ffe8b57a54ff0f3.jpg,https://storage.googleapis.com/openimages/v5/validation-annotations-bbox.csv
389585c0cae5748d,dog,0,test,dog_389585c0cae5748d.jpg,https://open-images-dataset.s3.amazonaws.com/validation/389585c0cae5748d.jpg,https://storage.googleapis.com/openimages/v5/validation-annotations-bbox.csv
6525d80c32c15d54,dog,0,test,dog_6525d80c32c15d54.jpg,https://open-images-dataset.s3.amazonaws.com/validation/6525d80c32c15d54.jpg,https://storage.googleapis.com/openimages/v5/validation-annotations-bbox.csv
6980aa5043a6d1af,dog,0,test,dog_6980aa5043a6d1af.jpg,https://open-images-dataset.s3.amazonaws.com/validation/6980aa5043a6d1af.jpg,https://storage.googleapis.com/openimages/v5/validation-annotations-bbox.csv
24b5270c4c6243b2,dog,0,test,dog_24b5270c4c6243b2.jpg,https://open-images-dataset.s3.amazonaws.com/validation/24b5270c4c6243b2.jpg,https://storage.googleapis.com/openimages/v5/validation-annotations-bbox.csv
50be32467b8a322a,car,1,train,car_50be32467b8a322a.jpg,https://open-images-dataset.s3.amazonaws.com/validation/50be32467b8a322a.jpg,https://storage.googleapis.com/openimages/v5/validation-annotations-bbox.csv
2c8009fda5f04cb2,car,1,train,car_2c8009fda5f04cb2.jpg,https://open-images-dataset.s3.amazonaws.com/validation/2c8009fda5f04cb2.jpg,https://storage.googleapis.com/openimages/v5/validation-annotations-bbox.csv
3cf8a5253e133309,car,1,train,car_3cf8a5253e133309.jpg,https://open-images-dataset.s3.amazonaws.com/validation/3cf8a5253e133309.jpg,https://storage.googleapis.com/openimages/v5/validation-annotations-bbox.csv
ad8521aa4ef3514d,car,1,train,car_ad8521aa4ef3514d.jpg,https://open-images-dataset.s3.amazonaws.com/validation/ad8521aa4ef3514d.jpg,https://storage.googleapis.com/openimages/v5/validation-annotations-bbox.csv
ec0b0baf4d52efad,car,1,train,car_ec0b0baf4d52efad.jpg,https://open-images-dataset.s3.amazonaws.com/validation/ec0b0baf4d52efad.jpg,https://storage.googleapis.com/openimages/v5/validation-annotations-bbox.csv
0c53a955b482161a,car,1,train,car_0c53a955b482161a.jpg,https://open-images-dataset.s3.amazonaws.com/validation/0c53a955b482161a.jpg,https://storage.googleapis.com/openimages/v5/validation-annotations-bbox.csv
a9b2a2018f845393,car,1,train,car_a9b2a2018f845393.jpg,https://open-images-dataset.s3.amazonaws.com/validation/a9b2a2018f845393.jpg,https://storage.googleapis.com/openimages/v5/validation-annotations-bbox.csv
9fc7d8659639deee,car,1,train,car_9fc7d8659639deee.jpg,https://open-images-dataset.s3.amazonaws.com/validation/9fc7d8659639deee.jpg,https://storage.googleapis.com/openimages/v5/validation-annotations-bbox.csv
64dcbc29fd7f403a,car,1,train,car_64dcbc29fd7f403a.jpg,https://open-images-dataset.s3.amazonaws.com/validation/64dcbc29fd7f403a.jpg,https://storage.googleapis.com/openimages/v5/validation-annotations-bbox.csv
f818b38af4e1def9,car,1,train,car_f818b38af4e1def9.jpg,https://open-images-dataset.s3.amazonaws.com/validation/f818b38af4e1def9.jpg,https://storage.googleapis.com/openimages/v5/validation-annotations-bbox.csv
d6386e5e685b6efc,car,1,train,car_d6386e5e685b6efc.jpg,https://open-images-dataset.s3.amazonaws.com/validation/d6386e5e685b6efc.jpg,https://storage.googleapis.com/openimages/v5/validation-annotations-bbox.csv
895d440e05b2a8d8,car,1,train,car_895d440e05b2a8d8.jpg,https://open-images-dataset.s3.amazonaws.com/validation/895d440e05b2a8d8.jpg,https://storage.googleapis.com/openimages/v5/validation-annotations-bbox.csv
a5d5800525959862,car,1,train,car_a5d5800525959862.jpg,https://open-images-dataset.s3.amazonaws.com/validation/a5d5800525959862.jpg,https://storage.googleapis.com/openimages/v5/validation-annotations-bbox.csv
d9fbe3e1b02e8e3a,car,1,train,car_d9fbe3e1b02e8e3a.jpg,https://open-images-dataset.s3.amazonaws.com/validation/d9fbe3e1b02e8e3a.jpg,https://storage.googleapis.com/openimages/v5/validation-annotations-bbox.csv
5a795babaa882bd8,car,1,train,car_5a795babaa882bd8.jpg,https://open-images-dataset.s3.amazonaws.com/validation/5a795babaa882bd8.jpg,https://storage.googleapis.com/openimages/v5/validation-annotations-bbox.csv
343326e127297379,car,1,train,car_343326e127297379.jpg,https://open-images-dataset.s3.amazonaws.com/validation/343326e127297379.jpg,https://storage.googleapis.com/openimages/v5/validation-annotations-bbox.csv
abab94aad1cd026e,car,1,train,car_abab94aad1cd026e.jpg,https://open-images-dataset.s3.amazonaws.com/validation/abab94aad1cd026e.jpg,https://storage.googleapis.com/openimages/v5/validation-annotations-bbox.csv
a678a90ed7bb269c,car,1,train,car_a678a90ed7bb269c.jpg,https://open-images-dataset.s3.amazonaws.com/validation/a678a90ed7bb269c.jpg,https://storage.googleapis.com/openimages/v5/validation-annotations-bbox.csv
cd7b7ccbe14b803d,car,1,train,car_cd7b7ccbe14b803d.jpg,https://open-images-dataset.s3.amazonaws.com/validation/cd7b7ccbe14b803d.jpg,https://storage.googleapis.com/openimages/v5/validation-annotations-bbox.csv
c6ac773ec1a1983a,car,1,train,car_c6ac773ec1a1983a.jpg,https://open-images-dataset.s3.amazonaws.com/validation/c6ac773ec1a1983a.jpg,https://storage.googleapis.com/openimages/v5/validation-annotations-bbox.csv
08b408c47499c9da,car,1,train,car_08b408c47499c9da.jpg,https://open-images-dataset.s3.amazonaws.com/validation/08b408c47499c9da.jpg,https://storage.googleapis.com/openimages/v5/validation-annotations-bbox.csv
b21851932252e3fd,car,1,train,car_b21851932252e3fd.jpg,https://open-images-dataset.s3.amazonaws.com/validation/b21851932252e3fd.jpg,https://storage.googleapis.com/openimages/v5/validation-annotations-bbox.csv
f2c6af55e93f77a6,car,1,train,car_f2c6af55e93f77a6.jpg,https://open-images-dataset.s3.amazonaws.com/validation/f2c6af55e93f77a6.jpg,https://storage.googleapis.com/openimages/v5/validation-annotations-bbox.csv
0b1359c23700cb4c,car,1,train,car_0b1359c23700cb4c.jpg,https://open-images-dataset.s3.amazonaws.com/validation/0b1359c23700cb4c.jpg,https://storage.googleapis.com/openimages/v5/validation-annotations-bbox.csv
ef7790d304d3718b,car,1,train,car_ef7790d304d3718b.jpg,https://open-images-dataset.s3.amazonaws.com/validation/ef7790d304d3718b.jpg,https://storage.googleapis.com/openimages/v5/validation-annotations-bbox.csv
bd754fbcde15fd31,car,1,train,car_bd754fbcde15fd31.jpg,https://open-images-dataset.s3.amazonaws.com/validation/bd754fbcde15fd31.jpg,https://storage.googleapis.com/openimages/v5/validation-annotations-bbox.csv
280ec63ce9a7c9e0,car,1,train,car_280ec63ce9a7c9e0.jpg,https://open-images-dataset.s3.amazonaws.com/validation/280ec63ce9a7c9e0.jpg,https://storage.googleapis.com/openimages/v5/validation-annotations-bbox.csv
8cc1546bc7f3285b,car,1,train,car_8cc1546bc7f3285b.jpg,https://open-images-dataset.s3.amazonaws.com/validation/8cc1546bc7f3285b.jpg,https://storage.googleapis.com/openimages/v5/validation-annotations-bbox.csv
97a5d83ddfa197fd,car,1,train,car_97a5d83ddfa197fd.jpg,https://open-images-dataset.s3.amazonaws.com/validation/97a5d83ddfa197fd.jpg,https://storage.googleapis.com/openimages/v5/validation-annotations-bbox.csv
28e26a4eb646c67a,car,1,train,car_28e26a4eb646c67a.jpg,https://open-images-dataset.s3.amazonaws.com/validation/28e26a4eb646c67a.jpg,https://storage.googleapis.com/openimages/v5/validation-annotations-bbox.csv
40f78af01d8dd80c,car,1,train,car_40f78af01d8dd80c.jpg,https://open-images-dataset.s3.amazonaws.com/validation/40f78af01d8dd80c.jpg,https://storage.googleapis.com/openimages/v5/validation-annotations-bbox.csv
d68682e67f1b5d78,car,1,train,car_d68682e67f1b5d78.jpg,https://open-images-dataset.s3.amazonaws.com/validation/d68682e67f1b5d78.jpg,https://storage.googleapis.com/openimages/v5/validation-annotations-bbox.csv
d2179174f49936df,car,1,val,car_d2179174f49936df.jpg,https://open-images-dataset.s3.amazonaws.com/validation/d2179174f49936df.jpg,https://storage.googleapis.com/openimages/v5/validation-annotations-bbox.csv
26cae54dbe94ab89,car,1,val,car_26cae54dbe94ab89.jpg,https://open-images-dataset.s3.amazonaws.com/validation/26cae54dbe94ab89.jpg,https://storage.googleapis.com/openimages/v5/validation-annotations-bbox.csv
a59044f69d61aeca,car,1,val,car_a59044f69d61aeca.jpg,https://open-images-dataset.s3.amazonaws.com/validation/a59044f69d61aeca.jpg,https://storage.googleapis.com/openimages/v5/validation-annotations-bbox.csv
064e47e2061cc517,car,1,val,car_064e47e2061cc517.jpg,https://open-images-dataset.s3.amazonaws.com/validation/064e47e2061cc517.jpg,https://storage.googleapis.com/openimages/v5/validation-annotations-bbox.csv
8fdde7d8fec03a78,car,1,test,car_8fdde7d8fec03a78.jpg,https://open-images-dataset.s3.amazonaws.com/validation/8fdde7d8fec03a78.jpg,https://storage.googleapis.com/openimages/v5/validation-annotations-bbox.csv
0dff5becb0f6c70d,car,1,test,car_0dff5becb0f6c70d.jpg,https://open-images-dataset.s3.amazonaws.com/validation/0dff5becb0f6c70d.jpg,https://storage.googleapis.com/openimages/v5/validation-annotations-bbox.csv
be9fd0014b5a4f2a,car,1,test,car_be9fd0014b5a4f2a.jpg,https://open-images-dataset.s3.amazonaws.com/validation/be9fd0014b5a4f2a.jpg,https://storage.googleapis.com/openimages/v5/validation-annotations-bbox.csv
7084e6d560b038e9,car,1,test,car_7084e6d560b038e9.jpg,https://open-images-dataset.s3.amazonaws.com/validation/7084e6d560b038e9.jpg,https://storage.googleapis.com/openimages/v5/validation-annotations-bbox.csv
