epoch,time,train/box_loss,train/cls_loss,train/dfl_loss,metrics/precision(B),metrics/recall(B),metrics/mAP50(B),metrics/mAP50-95(B),val/box_loss,val/cls_loss,val/dfl_loss,lr/pg0,lr/pg1,lr/pg2
1,2.48232,0.87013,2.81103,1.14994,0.00382,1,0.83806,0.53822,0.56582,2.71756,0.94916,0.09703,3e-05,3e-05
2,4.24136,0.97493,2.52543,1.22308,0.00398,1,0.77018,0.41369,0.82116,2.63453,1.10239,0.0930677,6.769e-05,6.769e-05
3,6.07299,0.94872,1.99175,1.16437,0.01391,0.9,0.49979,0.27827,1.10062,2.82642,1.20067,0.0891027,0.00010274,0.00010274
4,7.78875,0.9117,1.64593,1.14218,0.67099,0.1,0.46236,0.26981,1.27347,3.08153,1.48055,0.0851352,0.00013515,0.00013515
5,9.46255,1.00044,1.54614,1.16905,0.62796,0.1,0.41299,0.21194,1.32957,3.10967,1.58119,0.0811649,0.00016492,0.00016492
6,11.1645,0.85438,1.41914,1.11383,0.35864,0.27664,0.3808,0.16047,1.50656,3.20337,1.84541,0.0771921,0.00019205,0.00019205
7,12.8809,0.91425,1.29424,1.12758,0.36913,0.41108,0.3235,0.10303,1.82494,3.46263,1.93397,0.0732165,0.00021654,0.00021654
8,14.5253,0.84772,1.20218,1.10057,0.30214,0.37437,0.27248,0.09936,1.99379,2.99012,2.04663,0.0692384,0.00023839,0.00023839
9,16.2909,0.81729,1.20519,1.09688,0.26941,0.3,0.28308,0.14423,1.5603,2.61561,1.69993,0.0652576,0.0002576,0.0002576
10,18.0265,0.94981,1.11931,1.13432,0.11692,0.4,0.31767,0.10126,1.53959,2.50097,1.72566,0.0612742,0.00027417,0.00027417
11,19.6827,0.80302,1.00516,1.06754,0.61044,0.3,0.28994,0.09457,2.06672,2.62152,2.35905,0.0572881,0.0002881,0.0002881
12,21.3535,0.88198,1.0311,1.10004,0.29447,0.425,0.15129,0.07921,2.32192,2.63074,2.62509,0.0532994,0.00029939,0.00029939
13,22.8925,0.8092,0.97075,1.0361,0.28556,0.325,0.12309,0.05983,2.38554,2.74052,2.55291,0.049308,0.00030804,0.00030804
14,24.3638,0.84972,1.03308,1.09983,0.43464,0.45406,0.3609,0.10139,2.25278,2.52805,2.48141,0.0453141,0.00031405,0.00031405
15,26.0324,0.7728,0.95788,1.03631,0.37765,0.55,0.3376,0.21142,1.74145,2.17607,2.11024,0.0413174,0.00031742,0.00031742
16,27.8084,0.78015,0.95618,1.07043,0.55288,0.50898,0.48708,0.32102,1.55083,1.98996,1.88095,0.0373181,0.00031815,0.00031815
17,29.4503,0.78075,0.87504,1.06868,0.59821,0.64786,0.62045,0.40993,1.35135,1.50007,1.64174,0.0333162,0.00031624,0.00031624
18,31.2371,0.769,0.90164,1.04685,0.90161,0.87807,0.93346,0.65307,0.93789,1.07222,1.25486,0.0293117,0.00031169,0.00031169
19,32.9847,0.73556,0.86182,1.05107,0.93971,0.9,0.93071,0.72164,0.84816,0.96566,1.14577,0.0253045,0.0003045,0.0003045
20,34.7648,0.73686,0.83978,1.03925,0.96445,0.9,0.92441,0.70641,0.83167,0.90773,1.13511,0.0212947,0.00029467,0.00029467
21,36.6163,0.60856,1.14389,1.00051,0.9839,0.9,0.91113,0.66958,0.8628,0.92488,1.06555,0.0172822,0.0002822,0.0002822
22,38.1435,0.54809,1.0838,0.93264,0.98382,0.9,0.91167,0.66313,0.87133,0.90721,1.05979,0.0132671,0.00026709,0.00026709
23,39.7411,0.57115,1.087,0.93992,0.98071,0.9,0.91063,0.71394,0.70689,0.83052,0.99068,0.00924934,0.00024934,0.00024934
24,41.2671,0.50723,0.85635,0.91999,0.97503,0.9,0.90377,0.6824,0.81133,0.95882,1.06711,0.00522895,0.00022895,0.00022895
25,42.8706,0.50161,0.78694,0.9115,0.96694,0.9,0.90347,0.69569,0.7905,0.98391,1.06949,0.00120592,0.00020592,0.00020592
26,44.4547,0.50718,0.85156,0.94704,0.96358,0.9,0.89588,0.72963,0.78298,0.95929,1.07513,0.000175,0.000175,0.000175
27,46.0066,0.45116,0.76737,0.91814,0.96516,0.9,0.89587,0.72906,0.76818,0.89801,1.07398,0.000142,0.000142,0.000142
28,47.6328,0.50022,0.81212,0.92579,0.96877,0.9,0.89597,0.73029,0.74255,0.86435,1.05156,0.000109,0.000109,0.000109
29,49.228,0.4623,0.78038,0.91883,0.97366,0.9,0.89598,0.74759,0.71438,0.84557,1.03634,7.6e-05,7.6e-05,7.6e-05
30,50.7753,0.51624,0.83103,0.93487,0.9766,0.9,0.89597,0.76323,0.68786,0.84468,1.00856,4.3e-05,4.3e-05,4.3e-05
